{"name":"fe504c98-f642-402c-9019-816fb469d1f2","id":"/providers/Microsoft.Flow/flows/fe504c98-f642-402c-9019-816fb469d1f2","type":"Microsoft.Flow/flows","properties":{"apiId":"/providers/Microsoft.PowerApps/apis/shared_logicflows","displayName":"get items","definition":{"metadata":{"workflowEntityId":null,"processAdvisorMetadata":null,"flowChargedByPaygo":null,"flowclientsuspensionreason":"None","flowclientsuspensiontime":null,"flowclientsuspensionreasondetails":null,"creator":{"id":"eb2c9626-129e-4b72-912f-a540e1920730","type":"User","tenantId":"1d44fb2b-bc2f-4259-a377-e8df8cace13b"},"provisioningMethod":"FromDefinition","failureAlertSubscription":true,"clientLastModifiedTime":"2024-01-09T07:00:06.5642133Z","connectionKeySavedTimeKey":"2024-01-09T07:00:06.5642133Z"},"$schema":"https://schema.management.azure.com/providers/Microsoft.Logic/schemas/2016-06-01/workflowdefinition.json#","contentVersion":"1.0.0.0","parameters":{"$connections":{"defaultValue":{},"type":"Object"},"$authentication":{"defaultValue":{},"type":"SecureObject"}},"triggers":{"manual":{"metadata":{"operationMetadataId":"e379bb4d-addd-42e5-8d82-75045dcb2e1b"},"type":"Request","kind":"Button","inputs":{"schema":{"type":"object","properties":{},"required":[]}}}},"actions":{"Get_items":{"runAfter":{},"metadata":{"operationMetadataId":"e5587d31-a3a9-426d-a087-cf8df107050d"},"type":"OpenApiConnection","inputs":{"host":{"apiId":"/providers/Microsoft.PowerApps/apis/shared_sharepointonline","connectionName":"shared_sharepointonline","operationId":"GetItems"},"parameters":{"dataset":"https://pmqu.sharepoint.com/sites/CPDCenter","table":"35d608dd-71e9-4dcb-ba32-0ed0c105ebbb","$top":1},"authentication":{"value":"@json(decodeBase64(triggerOutputs().headers['X-MS-APIM-Tokens']))['$ConnectionKey']","type":"Raw"}}}}},"connectionReferences":{"shared_sharepointonline":{"connectionName":"3d8380e7af8d4986ba7e9f66774f0424","source":"Invoker","id":"/providers/Microsoft.PowerApps/apis/shared_sharepointonline","tier":"NotSpecified"}},"flowFailureAlertSubscribed":false,"isManaged":false}}