{"name":"4f5a4726-3fac-4188-8515-ae594940f52d","id":"/providers/Microsoft.Flow/flows/4f5a4726-3fac-4188-8515-ae594940f52d","type":"Microsoft.Flow/flows","properties":{"apiId":"/providers/Microsoft.PowerApps/apis/shared_logicflows","displayName":"GenerateFile","definition":{"metadata":{"workflowEntityId":null,"processAdvisorMetadata":null,"flowChargedByPaygo":null,"flowclientsuspensionreason":"None","flowclientsuspensiontime":null,"flowclientsuspensionreasondetails":null,"creator":{"id":"eb2c9626-129e-4b72-912f-a540e1920730","type":"User","tenantId":"1d44fb2b-bc2f-4259-a377-e8df8cace13b"},"provisioningMethod":"FromDefinition","failureAlertSubscription":true,"clientLastModifiedTime":"2024-01-22T06:03:16.4589875Z","connectionKeySavedTimeKey":"2024-01-22T06:03:16.4589875Z"},"$schema":"https://schema.management.azure.com/providers/Microsoft.Logic/schemas/2016-06-01/workflowdefinition.json#","contentVersion":"1.0.0.0","parameters":{"$connections":{"defaultValue":{},"type":"Object"},"$authentication":{"defaultValue":{},"type":"SecureObject"}},"triggers":{"manual":{"metadata":{"operationMetadataId":"07a7cea4-7885-403b-b08e-0005d3a77626"},"type":"Request","kind":"PowerAppV2","inputs":{"schema":{"type":"object","properties":{"text":{"title":"Input","type":"string","x-ms-dynamically-added":true,"description":"Please enter your input","x-ms-content-hint":"TEXT"},"text_1":{"title":"Type","type":"string","x-ms-dynamically-added":true,"description":"Please enter your input","x-ms-content-hint":"TEXT"}},"required":["text","text_1"]}}}},"actions":{"Initialize_variable":{"runAfter":{"Parse_JSON":["Succeeded"]},"metadata":{"operationMetadataId":"2d071f34-bca1-4957-886f-20ee8e486b0e"},"type":"InitializeVariable","inputs":{"variables":[{"name":"Degree","type":"string","value":"@body('Parse_JSON')?['Degree']"}]}},"Initialize_variable_2":{"runAfter":{"Initialize_variable":["Succeeded"]},"metadata":{"operationMetadataId":"5d094456-cebb-42ac-88dc-485c0b41236c"},"type":"InitializeVariable","inputs":{"variables":[{"name":"Program","type":"string","value":"@body('Parse_JSON')?['Program']"}]}},"Initialize_variable_3":{"runAfter":{"Initialize_variable_2":["Succeeded"]},"metadata":{"operationMetadataId":"5d094456-cebb-42ac-88dc-485c0b41236c"},"type":"InitializeVariable","inputs":{"variables":[{"name":"AcademicYear","type":"string","value":"@body('Parse_JSON')?['academicyear']"}]}},"Initialize_variable_4":{"runAfter":{"Initialize_variable_3":["Succeeded"]},"metadata":{"operationMetadataId":"5d094456-cebb-42ac-88dc-485c0b41236c"},"type":"InitializeVariable","inputs":{"variables":[{"name":"Semester","type":"string","value":"@body('Parse_JSON')?['semester']"}]}},"Initialize_variable_5":{"runAfter":{"Initialize_variable_4":["Succeeded"]},"metadata":{"operationMetadataId":"5d094456-cebb-42ac-88dc-485c0b41236c"},"type":"InitializeVariable","inputs":{"variables":[{"name":"Nationalty","type":"string","value":"@body('Parse_JSON')?['nationality']"}]}},"Initialize_variable_6":{"runAfter":{"Initialize_variable_5":["Succeeded"]},"metadata":{"operationMetadataId":"5d094456-cebb-42ac-88dc-485c0b41236c"},"type":"InitializeVariable","inputs":{"variables":[{"name":"College","type":"string","value":"@body('Parse_JSON')?['College']"}]}},"Initialize_variable_7":{"runAfter":{"Initialize_variable_6":["Succeeded"]},"metadata":{"operationMetadataId":"5d094456-cebb-42ac-88dc-485c0b41236c"},"type":"InitializeVariable","inputs":{"variables":[{"name":"Gender","type":"string","value":"@body('Parse_JSON')?['Gender']"}]}},"Initialize_variable_8":{"runAfter":{"Initialize_variable_7":["Succeeded"]},"metadata":{"operationMetadataId":"5d094456-cebb-42ac-88dc-485c0b41236c"},"type":"InitializeVariable","inputs":{"variables":[{"name":"Honor","type":"string","value":"@body('Parse_JSON')?['honor']"}]}},"Initialize_variable_9":{"runAfter":{"Initialize_variable_8":["Succeeded"]},"metadata":{"operationMetadataId":"5d094456-cebb-42ac-88dc-485c0b41236c"},"type":"InitializeVariable","inputs":{"variables":[{"name":"Description","type":"string","value":"@body('Parse_JSON')?['description']"}]}},"Initialize_variable_10":{"runAfter":{"Initialize_variable_9":["Succeeded"]},"metadata":{"operationMetadataId":"5d094456-cebb-42ac-88dc-485c0b41236c"},"type":"InitializeVariable","inputs":{"variables":[{"name":"Grade","type":"string","value":"@body('Parse_JSON')?['grade']"}]}},"Initialize_variable_11":{"runAfter":{"Initialize_variable_10":["Succeeded"]},"metadata":{"operationMetadataId":"5d094456-cebb-42ac-88dc-485c0b41236c"},"type":"InitializeVariable","inputs":{"variables":[{"name":"AcadGroup","type":"string","value":"@body('Parse_JSON')?['academicgroup']"}]}},"Initialize_variable_12":{"runAfter":{"Initialize_variable_11":["Succeeded"]},"metadata":{"operationMetadataId":"5d094456-cebb-42ac-88dc-485c0b41236c"},"type":"InitializeVariable","inputs":{"variables":[{"name":"Record","type":"string","value":"@body('Parse_JSON')?['record']"}]}},"Initialize_variable_13":{"runAfter":{"Initialize_variable_12":["Succeeded"]},"metadata":{"operationMetadataId":"5d094456-cebb-42ac-88dc-485c0b41236c"},"type":"InitializeVariable","inputs":{"variables":[{"name":"ParticipationConsent","type":"string","value":"@body('Parse_JSON')?['participationconsent']"}]}},"Initialize_variable_14":{"runAfter":{"Initialize_variable_13":["Succeeded"]},"metadata":{"operationMetadataId":"5d094456-cebb-42ac-88dc-485c0b41236c"},"type":"InitializeVariable","inputs":{"variables":[{"name":"EmploymentStatus","type":"string","value":"@body('Parse_JSON')?['employmentstatus']"}]}},"Initialize_variable_15":{"runAfter":{"Initialize_variable_14":["Succeeded"]},"metadata":{"operationMetadataId":"5d094456-cebb-42ac-88dc-485c0b41236c"},"type":"InitializeVariable","inputs":{"variables":[{"name":"Period to Employment","type":"string","value":"@body('Parse_JSON')?['periodtoemployment']"}]}},"Initialize_variable_16":{"runAfter":{"Initialize_variable_15":["Succeeded"]},"metadata":{"operationMetadataId":"5d094456-cebb-42ac-88dc-485c0b41236c"},"type":"InitializeVariable","inputs":{"variables":[{"name":"Type of Employer","type":"string","value":"@body('Parse_JSON')?['typeofemployer']"}]}},"Initialize_variable_17":{"runAfter":{"Initialize_variable_16":["Succeeded"]},"metadata":{"operationMetadataId":"5d094456-cebb-42ac-88dc-485c0b41236c"},"type":"InitializeVariable","inputs":{"variables":[{"name":"Country of Employment","type":"string","value":"@body('Parse_JSON')?['countryofemployment']"}]}},"Initialize_variable_18":{"runAfter":{"Initialize_variable_17":["Succeeded"]},"metadata":{"operationMetadataId":"5d094456-cebb-42ac-88dc-485c0b41236c"},"type":"InitializeVariable","inputs":{"variables":[{"name":"City of Employment","type":"string","value":"@body('Parse_JSON')?['cityofemployement']"}]}},"Initialize_variable_19":{"runAfter":{"Initialize_variable_18":["Succeeded"]},"metadata":{"operationMetadataId":"5d094456-cebb-42ac-88dc-485c0b41236c"},"type":"InitializeVariable","inputs":{"variables":[{"name":"Level","type":"string","value":"@body('Parse_JSON')?['level']"}]}},"Initialize_variable_20":{"runAfter":{"Initialize_variable_19":["Succeeded"]},"metadata":{"operationMetadataId":"5d094456-cebb-42ac-88dc-485c0b41236c"},"type":"InitializeVariable","inputs":{"variables":[{"name":"Type of Employment","type":"string","value":"@body('Parse_JSON')?['typeofemployment']"}]}},"Initialize_variable_21":{"runAfter":{"Initialize_variable_20":["Succeeded"]},"metadata":{"operationMetadataId":"5d094456-cebb-42ac-88dc-485c0b41236c"},"type":"InitializeVariable","inputs":{"variables":[{"name":"Able to move","type":"string","value":"@body('Parse_JSON')?['abletomove']"}]}},"Initialize_variable_22":{"runAfter":{"Initialize_variable_21":["Succeeded"]},"metadata":{"operationMetadataId":"5d094456-cebb-42ac-88dc-485c0b41236c"},"type":"InitializeVariable","inputs":{"variables":[{"name":"Last Update Date","type":"string","value":"@body('Parse_JSON')?['lastupdatedate']"}]}},"Initialize_variable_23":{"runAfter":{"Initialize_variable_22":["Succeeded"]},"metadata":{"operationMetadataId":"5d094456-cebb-42ac-88dc-485c0b41236c"},"type":"InitializeVariable","inputs":{"variables":[{"name":"Update Status","type":"string","value":"@variables('Last Update Date')"}]}},"Initialize_variable_24":{"runAfter":{"Initialize_variable_23":["Succeeded"]},"metadata":{"operationMetadataId":"5d094456-cebb-42ac-88dc-485c0b41236c"},"type":"InitializeVariable","inputs":{"variables":[{"name":"Source","type":"string","value":"@body('Parse_JSON')?['source']"}]}},"Compose":{"runAfter":{"Initialize_variable_24":["Succeeded"]},"metadata":{"operationMetadataId":"f63c13be-0b7d-437b-b340-add66f0c7667"},"type":"Compose","inputs":"@concat(if(not(equals(variables('Degree'),'All')), concat('field_5 eq ''', variables('Degree') ,''' and '),''),\r\nif(not(equals(variables('Program'),'All')), concat('field_4 eq ''', variables('Program') ,''' and '),''),\r\nif(not(equals(variables('AcademicYear'),'All')), concat('field_28 eq ''', variables('AcademicYear') ,''' and '),''),\r\nif(not(equals(variables('Semester'),'All')), concat('field_7 eq ''', variables('Semester') ,''' and '),''),\r\nif(not(equals(variables('Nationalty'),'All')), concat('field_27 eq ''', variables('Nationalty') ,''' and '),''),\r\nif(not(equals(variables('College'),'All')), concat('field_16 eq ''', variables('College') ,''' and '),''),\r\nif(not(equals(variables('Gender'),'All')), concat('field_3 eq ''', variables('Gender') ,''' and '),''),\r\nif(not(equals(variables('Honor'),'All')), concat('field_8 eq ''', variables('Honor') ,''' and '),''),\r\nif(not(equals(variables('Description'),'All')), concat('field_9 eq ''', variables('Description') ,''' and '),''),\r\nif(not(equals(variables('Grade'),'All')), concat('field_11 eq ''', variables('Grade') ,''' and '),''),\r\nif(not(equals(variables('AcadGroup'),'All')), concat('field_15 eq ''', variables('AcadGroup') ,''' and '),''),\r\nif(not(equals(variables('Record'),'All')), concat('field_29 eq ''', variables('Record') ,''' and '),''),\r\nif(not(equals(variables('ParticipationConsent'),'All')), concat('field_30 eq ''', variables('ParticipationConsent') ,''' and '),''),\r\nif(not(equals(variables('EmploymentStatus'),'All')), concat('field_31 eq ''', variables('EmploymentStatus') ,''' and '),''),\r\nif(not(equals(variables('Period to Employment'),'All')), concat('field_32 eq ''', variables('Period to Employment') ,''' and '),''),\r\nif(not(equals(variables('Type of Employer'),'All')), concat('field_33 eq ''', variables('Type of Employer') ,''' and '),''),\r\nif(not(equals(variables('Country of Employment'),'All')), concat('field_35 eq ''', variables('Country of Employment') ,''' and '),''),\r\nif(not(equals(variables('City of Employment'),'All')), concat('field_36 eq ''', variables('City of Employment') ,''' and '),''),\r\nif(not(equals(variables('Level'),'All')), concat('field_37 eq ''', variables('Level') ,''' and '),''),\r\nif(not(equals(variables('Type of Employment'),'All')), concat('field_38 eq ''', variables('Type of Employment') ,''' and '),''),\r\nif(not(equals(variables('Able to move'),'All')), concat('field_45 eq ''', variables('Able to move') ,''' and '),''),\r\nif(not(equals(variables('Last Update Date'),'All')), concat('field_46 eq ''', variables('Last Update Date') ,''' and '),''),\r\nif(not(equals(variables('Update Status'),'All')), concat('field_47 eq ''', variables('Update Status') ,''' and '),''),\r\nif(not(equals(variables('Source'),'All')), concat('field_48 eq ''', variables('Source') ,''' and '),''))"},"Compose_2":{"runAfter":{"Compose":["Succeeded"]},"metadata":{"operationMetadataId":"6213a0cb-e3d0-4c79-91ca-50bab9303c9a"},"type":"Compose","inputs":"@sub(length(outputs('Compose')),5)"},"Compose_3":{"runAfter":{"Compose_2":["Succeeded"]},"metadata":{"operationMetadataId":"ad675c60-6991-43f1-81b8-eb84b0e4c063"},"type":"Compose","inputs":"@length(outputs('Compose'))"},"Compose_4":{"runAfter":{"Compose_3":["Succeeded"]},"metadata":{"operationMetadataId":"d0cc4028-9055-445a-b619-d82f09b0739f"},"type":"Compose","inputs":"@if(endsWith(outputs('Compose'),' and '), substring(outputs('Compose'),0,outputs('Compose_2')) , outputs('Compose'))"},"Get_items":{"runAfter":{"Compose_4":["Succeeded"]},"metadata":{"operationMetadataId":"01dee32f-a619-4638-b701-d5fed5bc8a41"},"type":"OpenApiConnection","inputs":{"host":{"apiId":"/providers/Microsoft.PowerApps/apis/shared_sharepointonline","connectionName":"shared_sharepointonline","operationId":"GetItems"},"parameters":{"dataset":"https://pmqu.sharepoint.com/sites/CPDCenter","table":"35d608dd-71e9-4dcb-ba32-0ed0c105ebbb","$filter":"@outputs('Compose_4')","$top":5000},"authentication":{"value":"@json(decodeBase64(triggerOutputs().headers['X-MS-APIM-Tokens']))['$ConnectionKey']","type":"Raw"}}},"Compose_6":{"runAfter":{},"metadata":{"operationMetadataId":"7b73208f-d161-4af7-8595-a2ae25353f39"},"type":"Compose","inputs":"@json(triggerBody()['text'])"},"Parse_JSON":{"runAfter":{"Compose_6":["Succeeded"]},"metadata":{"operationMetadataId":"c543ddda-8902-4838-bac5-786c543038d7"},"type":"ParseJson","inputs":{"content":"@json(triggerBody()['text'])","schema":{"type":"object","properties":{"College":{"type":"string"},"Degree":{"type":"string"},"Gender":{"type":"string"},"Program":{"type":"string"},"abletomove":{"type":"string"},"academicgroup":{"type":"string"},"academicyear":{"type":"string"},"cityofemployement":{"type":"string"},"countryofemployment":{"type":"string"},"description":{"type":"string"},"employmentstatus":{"type":"string"},"grade":{"type":"string"},"honor":{"type":"string"},"lastupdatedate":{"type":"string"},"level":{"type":"string"},"nationality":{"type":"string"},"participationconsent":{"type":"string"},"periodtoemployment":{"type":"string"},"record":{"type":"string"},"semester":{"type":"string"},"source":{"type":"string"},"typeofemployer":{"type":"string"},"typeofemployment":{"type":"string"},"updatestatus":{"type":"string"}}}}},"Compose_7":{"runAfter":{"Get_items":["Succeeded"]},"metadata":{"operationMetadataId":"bfaac733-852f-4250-b2ce-58ad79b9d17e"},"type":"Compose","inputs":"@length(outputs('Get_items')?['body/value'])"},"Condition":{"actions":{"Create_HTML_table":{"runAfter":{},"metadata":{"operationMetadataId":"eee3490f-b5cc-45cc-a68e-a3398bbbfa08"},"type":"Table","inputs":{"from":"@outputs('Get_items')?['body/value']","format":"HTML","columns":[{"header":"StutdentId","value":"@item()?['Title']"},{"header":"StudentName","value":"@item()?['field_1']"},{"header":"Gender","value":"@item()?['field_3']"},{"header":"Program","value":"@item()?['field_4']"},{"header":"Grade","value":"@item()?['field_11']"},{"header":"AcademicGroup","value":"@item()?['field_15']"},{"header":"AcademicYear","value":"@item()?['field_28/Value']"}]}},"Compose_8":{"runAfter":{"Create_HTML_table":["Succeeded"]},"metadata":{"operationMetadataId":"ef07b17b-5dd7-41f6-a19e-77bbed007ca7"},"type":"Compose","inputs":"<!DOCTYPE html>\n<html>\n<head>\n<style>\n  @media print {\n    @page {\n      size: landscape;\n    }\n\n    body {\n      margin: 0;\n      font-family: Arial, sans-serif;\n    }\n\n    table {\n      width: auto;\n      table-layout: auto;\n      border-collapse: collapse;\n      margin-bottom: 20px;\n    }\n\n    th, td {\n      border: 1px solid #dddddd;\n      text-align: left;\n      padding: 8px;\n      white-space: nowrap;\n      overflow: hidden;\n      text-overflow: ellipsis;\n    }\n\n    th {\n      background-color: #f2f2f2;\n    }\n\n    tr:nth-child(even) {\n      background-color: #f9f9f9;\n    }\n\n    caption {\n      font-size: 1.5em;\n      margin-bottom: 10px;\n    }\n  }\n</style>\n</head>\n<body>\n\n@{body('Create_HTML_table')}\n\n</body>\n</html>"},"Create_file_2":{"runAfter":{"Compose_8":["Succeeded"]},"metadata":{"operationMetadataId":"a99be08a-c05b-4342-9043-51e6efd2845a"},"type":"OpenApiConnection","inputs":{"host":{"apiId":"/providers/Microsoft.PowerApps/apis/shared_onedriveforbusiness","connectionName":"shared_onedriveforbusiness","operationId":"CreateFile"},"parameters":{"folderPath":"/","name":"html_student_data_@{utcNow()}.html","body":"@outputs('Compose_8')"},"authentication":{"value":"@json(decodeBase64(triggerOutputs().headers['X-MS-APIM-Tokens']))['$ConnectionKey']","type":"Raw"}},"runtimeConfiguration":{"contentTransfer":{"transferMode":"Chunked"}}},"Create_file_3":{"runAfter":{"Convert_file":["Succeeded"]},"metadata":{"operationMetadataId":"c023ac14-d846-479c-803a-f8d329f1ffaf"},"type":"OpenApiConnection","inputs":{"host":{"apiId":"/providers/Microsoft.PowerApps/apis/shared_onedriveforbusiness","connectionName":"shared_onedriveforbusiness","operationId":"CreateFile"},"parameters":{"folderPath":"/","name":"student_data_@{utcNow()}.pdf","body":"@body('Convert_file')"},"authentication":{"value":"@json(decodeBase64(triggerOutputs().headers['X-MS-APIM-Tokens']))['$ConnectionKey']","type":"Raw"}},"runtimeConfiguration":{"contentTransfer":{"transferMode":"Chunked"}}},"Create_share_link_by_path_2":{"runAfter":{"Create_file_3":["Succeeded"]},"metadata":{"operationMetadataId":"8b303e74-b854-47a8-a98a-1ac73c4efaac"},"type":"OpenApiConnection","inputs":{"host":{"apiId":"/providers/Microsoft.PowerApps/apis/shared_onedriveforbusiness","connectionName":"shared_onedriveforbusiness","operationId":"CreateShareLinkByPathV2"},"parameters":{"path":"@outputs('Create_file_3')?['body/Path']","type":"View","scope":"Organization"},"authentication":{"value":"@json(decodeBase64(triggerOutputs().headers['X-MS-APIM-Tokens']))['$ConnectionKey']","type":"Raw"}}},"Respond_to_a_PowerApp_or_flow_2":{"runAfter":{"Create_share_link_by_path_2":["Succeeded"]},"metadata":{"operationMetadataId":"c5593e56-64ce-4f90-ad12-db4ad5946eab"},"type":"Response","kind":"PowerApp","inputs":{"statusCode":200,"body":{"fileurl":"@{outputs('Create_share_link_by_path_2')?['body/WebUrl']}?download=1"},"schema":{"type":"object","properties":{"fileurl":{"title":"fileurl","x-ms-dynamically-added":true,"type":"string"}}}}},"Convert_file":{"runAfter":{"Create_file_2":["Succeeded"]},"metadata":{"operationMetadataId":"500f5939-3c25-4589-a8a7-2928191647c6"},"type":"OpenApiConnection","inputs":{"host":{"apiId":"/providers/Microsoft.PowerApps/apis/shared_onedriveforbusiness","connectionName":"shared_onedriveforbusiness","operationId":"ConvertFile"},"parameters":{"id":"@outputs('Create_file_2')?['body/Id']","type":"PDF"},"authentication":{"value":"@json(decodeBase64(triggerOutputs().headers['X-MS-APIM-Tokens']))['$ConnectionKey']","type":"Raw"}}}},"runAfter":{"Compose_7":["Succeeded"]},"else":{"actions":{"Create_CSV_table":{"runAfter":{},"metadata":{"operationMetadataId":"8ab50ba6-fa72-416a-9d33-f50c6cfb4583"},"type":"Table","inputs":{"from":"@outputs('Get_items')?['body/value']","format":"CSV","columns":[{"header":"StudentName","value":"@item()?['field_1']"},{"header":"StudentID","value":"@item()?['Title']"},{"header":"Gender","value":"@item()?['field_3']"},{"header":"Program","value":"@item()?['field_4']"},{"header":"Degree","value":"@item()?['field_5']"},{"header":"Semster","value":"@item()?['field_7']"},{"header":"Honor","value":"@item()?['field_8']"},{"header":"Description","value":"@item()?['field_9']"},{"header":"Grade","value":"@item()?['field_11']"},{"header":"Email","value":"@item()?['field_14']"},{"header":"Acad Group","value":"@item()?['field_15']"},{"header":"College","value":"@item()?['field_16']"},{"header":"C.G.P.A","value":"@item()?['field_19']"},{"header":"NID","value":"@item()?['field_21']"},{"header":"Email2","value":"@item()?['field_22']"},{"header":"EmailHome","value":"@item()?['field_23']"}]}},"Create_file":{"runAfter":{"Create_CSV_table":["Succeeded"]},"metadata":{"operationMetadataId":"f0006e16-6bb5-4a9b-93ca-05d9d057b48a"},"type":"OpenApiConnection","inputs":{"host":{"apiId":"/providers/Microsoft.PowerApps/apis/shared_onedriveforbusiness","connectionName":"shared_onedriveforbusiness","operationId":"CreateFile"},"parameters":{"folderPath":"/","name":"Export_Student_Data_@{utcNow()}.csv","body":"@body('Create_CSV_table')"},"authentication":{"value":"@json(decodeBase64(triggerOutputs().headers['X-MS-APIM-Tokens']))['$ConnectionKey']","type":"Raw"}},"runtimeConfiguration":{"contentTransfer":{"transferMode":"Chunked"}}},"Create_share_link_by_path":{"runAfter":{"Create_file":["Succeeded"]},"metadata":{"operationMetadataId":"da3100ce-b893-4e7c-9d94-43fcb9576783"},"type":"OpenApiConnection","inputs":{"host":{"apiId":"/providers/Microsoft.PowerApps/apis/shared_onedriveforbusiness","connectionName":"shared_onedriveforbusiness","operationId":"CreateShareLinkByPathV2"},"parameters":{"path":"@outputs('Create_file')?['body/Path']","type":"View","scope":"Organization"},"authentication":{"value":"@json(decodeBase64(triggerOutputs().headers['X-MS-APIM-Tokens']))['$ConnectionKey']","type":"Raw"}}},"Respond_to_a_PowerApp_or_flow":{"runAfter":{"Create_share_link_by_path":["Succeeded"]},"metadata":{"operationMetadataId":"2411bf49-9774-43f0-8f8e-602a794947b7"},"type":"Response","kind":"PowerApp","inputs":{"statusCode":200,"body":{"fileurl":"@{outputs('Create_share_link_by_path')?['body/WebUrl']}?download=1"},"schema":{"type":"object","properties":{"fileurl":{"title":"fileurl","x-ms-dynamically-added":true,"type":"string"}}}}}}},"expression":{"equals":["@triggerBody()['text_1']","pdf"]},"metadata":{"operationMetadataId":"993b6010-476f-4093-b976-3f828d381e17"},"type":"If"}}},"connectionReferences":{"shared_sharepointonline":{"connectionName":"3d8380e7af8d4986ba7e9f66774f0424","source":"Invoker","id":"/providers/Microsoft.PowerApps/apis/shared_sharepointonline","tier":"NotSpecified"},"shared_onedriveforbusiness":{"connectionName":"shared-onedriveforbu-6dd5ba48-65b1-4d3b-986c-0dadc321272d","source":"Invoker","id":"/providers/Microsoft.PowerApps/apis/shared_onedriveforbusiness","tier":"NotSpecified"}},"flowFailureAlertSubscribed":false,"isManaged":false}}