{"schemaVersion":"1.0","appDefinitionTemplate":{"id":"/providers/Microsoft.PowerApps/apps/","type":"Microsoft.PowerApps/apps","tags":{"primaryDeviceWidth":"1366","primaryDeviceHeight":"768","supportsPortrait":"true","supportsLandscape":"true","primaryFormFactor":"Tablet","showStatusBar":"false","publisherVersion":"3.24012.8","minimumRequiredApiVersion":"2.2.0","hasComponent":"false","hasUnlockedComponent":"false","isUnifiedRootApp":"false","offlineLargeFilesSupport":"false","sienaVersion":"20240121T085640Z-3.24012.8.0"},"properties":{"appVersion":"2024-01-21T08:56:40Z","lifeCycleId":"Published","createdByClientVersion":{"major":3,"minor":24012,"build":8,"revision":0,"majorRevision":0,"minorRevision":0},"minClientVersion":{"major":3,"minor":24012,"build":8,"revision":0,"majorRevision":0,"minorRevision":0},"backgroundColor":"RGBA(0,176,240,1)","backgroundImageUri":"/17300685660136732596/Naa5abe79-ab6a-46d5-8ade-3ed0048d2186-logoSmallFile","displayName":"Student Data Dashboard","description":"","commitMessage":"","appUris":{"documentUri":{"value":"/17300685660136732596/N4314aeff-cdf5-4b07-80fc-a1951878e1af-document.msapp"},"imageUris":[],"additionalUris":[{"isSolutionAware":false,"value":"/17300685660136732596/N271a3743-1d11-4392-ba24-d5df74315e99-identity.json"}]},"createdTime":"0001-01-01T00:00:00Z","lastModifiedTime":"0001-01-01T00:00:00Z","sharedGroupsCount":0,"sharedUsersCount":0,"connectionReferences":{"5084b265-0769-43e5-9ef4-147dd7d67e9c":{"id":"1c87d482-a3e7-4925-9008-d44e8ae611c8","displayName":"SharePoint","iconUri":"https://connectoricons-prod.azureedge.net/releases/v1.0.1670/1.0.1670.3526/sharepointonline/icon.png","dataSources":["Data for Ahmad App"],"dependencies":[],"dependents":["bc33848f-f089-4be5-98d8-2b6d0e1f8f21","6e206981-b2ec-4c5e-b5cc-e6fd58e51970"],"parameterHints":{},"parameterHintsV2":{},"isOnPremiseConnection":false,"bypassConsent":false,"dataSets":{"https://pmqu.sharepoint.com/sites/CPDCenter":{"dataSources":{"Data for Ahmad App":{"tableName":"35d608dd-71e9-4dcb-ba32-0ed0c105ebbb"}}}},"apiTier":"Standard","isCustomApiConnection":false,"actions":["providers/PowerPlatform.Governance/Operations/Read","providers/PowerPlatform.Governance/Operations/Write","providers/PowerPlatform.Governance/Operations/Delete"]},"bc33848f-f089-4be5-98d8-2b6d0e1f8f21":{"id":"2c269e82-5182-4131-8d38-24114b8dad46","displayName":"Logic flows","iconUri":"https://connectoricons-prod.azureedge.net/releases/v1.0.1664/1.0.1664.3477/logicflows/icon.png","dataSources":["getitems"],"dependencies":["5084b265-0769-43e5-9ef4-147dd7d67e9c"],"dependents":[],"parameterHints":{"workflowName":{"value":"b8e9500a-6fc4-4f52-91f8-96a1c5ba9a81"},"workflowEntityId":{},"5084b265-0769-43e5-9ef4-147dd7d67e9c":{"value":"shared_sharepointonline"}},"parameterHintsV2":{"workflowName":{"value":"b8e9500a-6fc4-4f52-91f8-96a1c5ba9a81"},"workflowEntityId":{},"shared_sharepointonline":{"value":"5084b265-0769-43e5-9ef4-147dd7d67e9c"}},"isOnPremiseConnection":false,"bypassConsent":false,"dataSets":{},"apiTier":"Standard","isCustomApiConnection":false,"nestedActions":[{"id":"/providers/Microsoft.PowerApps/apis/shared_sharepointonline/apiOperations/GetItems","apiName":"SharePoint","actionName":"GetItems","referencedResources":[{"key":"site","value":"https://pmqu.sharepoint.com/sites/CPDCenter"},{"key":"list","value":"35d608dd-71e9-4dcb-ba32-0ed0c105ebbb"}]}]},"6e206981-b2ec-4c5e-b5cc-e6fd58e51970":{"id":"2c269e82-5182-4131-8d38-24114b8dad46","displayName":"Logic flows","iconUri":"https://connectoricons-prod.azureedge.net/releases/v1.0.1664/1.0.1664.3477/logicflows/icon.png","dataSources":["GenerateFile"],"dependencies":["5084b265-0769-43e5-9ef4-147dd7d67e9c","947d9247-6e97-463e-b07a-ac3cf73524b5"],"dependents":[],"parameterHints":{"workflowName":{"value":"bc555e3e-2710-4f56-95ee-21964f10a6dc"},"workflowEntityId":{},"5084b265-0769-43e5-9ef4-147dd7d67e9c":{"value":"shared_sharepointonline"},"947d9247-6e97-463e-b07a-ac3cf73524b5":{"value":"shared_onedriveforbusiness"}},"parameterHintsV2":{"workflowName":{"value":"bc555e3e-2710-4f56-95ee-21964f10a6dc"},"workflowEntityId":{},"shared_sharepointonline":{"value":"5084b265-0769-43e5-9ef4-147dd7d67e9c"},"shared_onedriveforbusiness":{"value":"947d9247-6e97-463e-b07a-ac3cf73524b5"}},"isOnPremiseConnection":false,"bypassConsent":false,"dataSets":{},"apiTier":"Standard","isCustomApiConnection":false,"actions":["Run"],"nestedActions":[{"id":"/providers/Microsoft.PowerApps/apis/shared_sharepointonline/apiOperations/GetItems","apiName":"SharePoint","actionName":"GetItems","referencedResources":[{"key":"site","value":"https://pmqu.sharepoint.com/sites/CPDCenter"},{"key":"list","value":"35d608dd-71e9-4dcb-ba32-0ed0c105ebbb"}]},{"id":"/providers/Microsoft.PowerApps/apis/shared_onedriveforbusiness/apiOperations/CreateFile","apiName":"OneDrive for Business","actionName":"CreateFile","referencedResources":[]},{"id":"/providers/Microsoft.PowerApps/apis/shared_onedriveforbusiness/apiOperations/CreateShareLinkByPathV2","apiName":"OneDrive for Business","actionName":"CreateShareLinkByPathV2","referencedResources":[]},{"id":"/providers/Microsoft.PowerApps/apis/shared_onedriveforbusiness/apiOperations/ConvertFile","apiName":"OneDrive for Business","actionName":"ConvertFile","referencedResources":[]}]},"947d9247-6e97-463e-b07a-ac3cf73524b5":{"id":"a5db961c-bcfe-4b90-b6c6-a936eefda5ea","displayName":"OneDrive for Business","iconUri":"https://connectoricons-prod.azureedge.net/releases/v1.0.1669/1.0.1669.3522/onedriveforbusiness/icon.png","dataSources":[],"dependencies":[],"dependents":["6e206981-b2ec-4c5e-b5cc-e6fd58e51970"],"parameterHints":{},"parameterHintsV2":{},"isOnPremiseConnection":false,"bypassConsent":false,"dataSets":{},"apiTier":"Standard","isCustomApiConnection":false}},"authorizationReferences":[{"resourceId":"powerbi"}],"databaseReferences":{},"almMode":"Environment","performanceOptimizationEnabled":false,"canConsumeAppPass":true,"enableModernRuntimeMode":false,"executionRestrictions":{"isTeamsOnly":false,"dataLossPreventionEvaluationResult":{"status":"Compliant","lastEvaluationDate":"2024-01-21T08:57:00.6655643Z","violations":[],"violationsByPolicy":[],"violationErrorMessage":"The app uses the following connectors: shared_sharepointonline, shared_logicflows, shared_onedriveforbusiness."},"httpActionRestriction":{"appUsesSharepointHttpAction":false,"enforcementStrategy":"Legacy","evaluationTime":"2024-01-21T08:57:00.6654531Z"}}},"appType":"ClassicCanvasApp","appComponents":[]}}